name,namespace,kind,based_config,trigger1_Type,trigger1_ConsumerGroup,trigger1_topic,trigger2_Type,trigger2_ConsumerGroup,trigger2_topic,trigger3_Type,trigger3_ConsumerGroup,trigger3_topic,trigger4_Type,trigger4_ConsumerGroup,trigger4_topic,trigger5_Type,trigger5_ConsumerGroup,trigger5_topic,trigger6_Type,trigger6_ConsumerGroup,trigger6_topic,trigger7_Type,trigger7_ConsumerGroup,trigger7_topic,trigger8_Type,trigger8_ConsumerGroup,trigger8_topic,trigger9_Type,trigger9_ConsumerGroup,trigger9_topic,trigger10_Type,trigger10_ConsumerGroup,trigger10_topic,END
corporate-actions-loader-file-event-stream,swp-corporate-actions,Statefulsets,zero_based,4,5,6,7,8,9,10,11,12,13,14,15,16,17,18,19,20,21,22,23,24,25,26,27,28,29,30,31,32,33,
temp,swp-corporate-temp,Deployment,sla_based,kafka,corporate-actions-loader-file-event-stream-consumer-temp,EDB-DRF_LOAD_RECORD_temp,,,,,,,,,,,,,,,,,,,,,,,,,,,,
,,,,,,,,,,,,,,,,,,,,,,,,,,,,,,,,,,
,,,,,,,,,,,,,,,,,,,,,,,,,,,,,,,,,,
